,Time,HitType,PosX,PosY,PrevBlinderCount,onscreen_bl_count,nf_count
0,1667416161.5259695,Blinder,170.0,608.0,5,1,2
0,1667416164.4250696,Blinder,610.0,448.0,6,1,3
0,1667416166.362304,Blinder,505.0,223.0,7,2,3
0,1667416168.7593298,Blinder,1130.0,133.0,8,3,5
0,1667416173.0515852,Blinder,515.0,558.0,9,2,6
0,1667416174.903905,Blinder,990.0,523.0,10,1,8
0,1667416176.6949346,climate_change,815.0,248.0,11,0,10
0,1667416176.6959379,climate_change,815.0,248.0,11,0,10
0,1667416176.7236874,climate_change,810.0,253.0,10,0,10
0,1667416176.7429976,climate_change,805.0,258.0,10,0,10
0,1667416176.7657156,climate_change,800.0,258.0,10,0,10
0,1667416178.9609401,crop_failure,450.0,198.0,10,2,14
0,1667416178.9628897,crop_failure,450.0,198.0,10,2,14
0,1667416178.982073,crop_failure,445.0,198.0,9,2,14
0,1667416178.9993088,crop_failure,440.0,198.0,9,2,14
0,1667416179.0173378,crop_failure,435.0,198.0,9,2,14
0,1667416181.2729707,Blinder,495.0,473.0,9,4,15
0,1667416182.4488177,Blinder,635.0,453.0,10,2,17
0,1667416184.249598,Blinder,970.0,428.0,11,2,19
0,1667416186.5463743,Blinder,725.0,503.0,12,2,24
0,1667416189.7790446,Blinder,860.0,263.0,13,2,37
0,1667416190.6215117,famine,735.0,138.0,14,1,40
0,1667416190.62356,famine,735.0,138.0,14,1,40
0,1667416195.9584403,Blinder,580.0,448.0,13,4,50
0,1667416197.9418104,Blinder,855.0,368.0,14,3,51
0,1667416198.8823218,nuclear_war,935.0,238.0,15,2,50
0,1667416198.8833165,nuclear_war,935.0,238.0,15,2,50
0,1667416198.9080658,nuclear_war,935.0,233.0,14,2,50
0,1667416198.9272017,nuclear_war,935.0,228.0,14,2,50
0,1667416198.9522564,nuclear_war,935.0,223.0,14,2,50
0,1667416200.9052753,machine_superintelligence,800.0,25.5,14,3,50
0,1667416200.9062803,machine_superintelligence,800.0,25.5,14,3,50
0,1667416200.9265413,machine_superintelligence,800.0,25.5,13,3,50
0,1667416200.9437428,machine_superintelligence,800.0,25.5,13,3,50
0,1667416200.9641511,machine_superintelligence,800.0,25.5,13,3,50
0,1667416200.981399,machine_superintelligence,800.0,25.5,13,3,50
0,1667416200.998991,machine_superintelligence,800.0,25.5,13,3,50
0,1667416201.0177078,machine_superintelligence,800.0,25.5,13,3,50
0,1667416201.038636,machine_superintelligence,800.0,25.5,13,4,51
0,1667416201.056667,machine_superintelligence,800.0,25.5,13,4,51
0,1667416201.0737808,machine_superintelligence,800.0,25.5,13,4,51
0,1667416201.089369,machine_superintelligence,800.0,25.5,13,4,51
0,1667416201.1116774,machine_superintelligence,800.0,25.5,13,4,51
0,1667416201.1326246,machine_superintelligence,800.0,25.5,13,4,51
0,1667416201.1536648,machine_superintelligence,800.0,25.5,13,4,51
0,1667416201.1719801,machine_superintelligence,800.0,25.5,13,4,51
0,1667416201.1948364,machine_superintelligence,800.0,25.5,13,4,51
0,1667416201.2166595,machine_superintelligence,800.0,25.5,13,4,51
0,1667416201.9765515,Blinder,810.0,155.5,13,2,51
0,1667416203.7946386,machine_superintelligence,620.0,365.5,14,2,51
0,1667416203.7956412,machine_superintelligence,620.0,365.5,14,2,51
0,1667416203.81895,machine_superintelligence,620.0,370.5,13,2,51
0,1667416203.8458,machine_superintelligence,625.0,375.5,13,2,50
0,1667416203.8771749,machine_superintelligence,630.0,380.5,13,2,50
0,1667416203.902722,machine_superintelligence,635.0,385.5,13,2,50
0,1667416204.6630166,Blinder,730.0,445.5,13,2,50
0,1667416210.5549204,Blinder,700.0,135.5,14,1,50
0,1667416214.4480584,crop_failure,595.0,25.5,15,2,51
0,1667416214.4515882,crop_failure,595.0,25.5,15,2,51
0,1667416214.4797294,crop_failure,595.0,25.5,14,2,50
0,1667416214.5005336,crop_failure,595.0,25.5,14,2,50
0,1667416214.5166552,crop_failure,595.0,25.5,14,2,50
0,1667416214.5358336,crop_failure,595.0,25.5,14,2,50
0,1667416214.553876,crop_failure,595.0,25.5,14,2,50
0,1667416214.5753078,crop_failure,595.0,25.5,14,2,50
0,1667416214.5924911,crop_failure,595.0,25.5,14,2,50
0,1667416214.6116061,crop_failure,595.0,25.5,14,2,50
0,1667416214.6298041,crop_failure,595.0,25.5,14,2,50
0,1667416214.650634,crop_failure,595.0,25.5,14,2,50
0,1667416214.6723812,crop_failure,595.0,25.5,14,2,50
0,1667416214.6917188,crop_failure,595.0,25.5,14,2,50
0,1667416214.7138934,crop_failure,595.0,25.5,14,2,50
0,1667416214.7355776,crop_failure,595.0,25.5,14,2,50
0,1667416214.751742,crop_failure,595.0,25.5,14,2,50
0,1667416214.7738795,crop_failure,595.0,25.5,14,2,50
0,1667416220.398619,Blinder,725.0,105.5,14,3,50
0,1667416221.1915553,Blinder,615.0,170.5,15,2,51
0,1667416222.5847297,Blinder,690.0,450.5,16,1,50
0,1667416223.2626357,Blinder,890.0,435.5,17,1,51
0,1667416231.774437,Blinder,655.0,595.5,18,3,50
0,1667416233.0635247,pandemic,630.0,575.5,19,2,51
0,1667416233.0655768,pandemic,630.0,575.5,19,2,51
0,1667416233.0908659,pandemic,630.0,575.5,18,2,51
0,1667416233.1174653,pandemic,630.0,575.5,18,2,51
0,1667416233.1379733,pandemic,630.0,575.5,18,2,50
0,1667416233.1608007,pandemic,630.0,575.5,18,2,51
0,1667416233.1823416,pandemic,630.0,570.5,18,2,51
0,1667416233.2054574,pandemic,630.0,565.5,18,1,51
0,1667416233.226779,pandemic,630.0,560.5,18,1,51
0,1667416233.250753,pandemic,630.0,555.5,18,1,51
0,1667416233.2708836,pandemic,630.0,550.5,18,1,51
0,1667416233.2728956,pandemic,630.0,550.5,18,1,51
0,1667416233.2738976,pandemic,630.0,550.5,18,1,51
0,1667416233.3119526,pandemic,630.0,550.5,17,1,51
0,1667416233.3140259,pandemic,630.0,550.5,17,1,51
0,1667416233.3517635,pandemic,630.0,550.5,17,1,51
0,1667416233.3527634,pandemic,630.0,550.5,17,1,51
0,1667416233.3877275,pandemic,630.0,550.5,17,1,51
0,1667416233.3896945,pandemic,630.0,550.5,17,1,51
0,1667416233.4260798,pandemic,630.0,550.5,17,1,51
0,1667416233.4280486,pandemic,630.0,550.5,17,1,51
0,1667416233.4696443,pandemic,630.0,550.5,17,1,51
0,1667416233.5060723,pandemic,630.0,550.5,17,1,51
0,1667416233.544287,pandemic,630.0,545.5,17,1,51
0,1667416233.580371,pandemic,630.0,540.5,17,1,51
0,1667416233.6156347,pandemic,630.0,535.5,17,1,51
0,1667416233.6496935,pandemic,630.0,530.5,17,1,51
0,1667416233.678843,pandemic,630.0,525.5,17,1,51
0,1667416233.713731,pandemic,630.0,520.5,17,1,51
0,1667416233.8451355,nuclear_war,630.0,500.5,17,1,51
0,1667416233.846135,nuclear_war,630.0,500.5,17,1,51
0,1667416233.8921833,nuclear_war,630.0,495.5,16,1,51
0,1667416233.9405086,nuclear_war,630.0,490.5,16,1,51
0,1667416234.0260675,nuclear_war,630.0,485.5,16,1,51
0,1667416234.1314034,nuclear_war,630.0,480.5,16,1,51
0,1667416234.1760354,nuclear_war,630.0,475.5,16,1,51
0,1667416234.2241778,nuclear_war,630.0,470.5,16,1,51
0,1667416234.268886,nuclear_war,630.0,465.5,16,1,51
0,1667416235.886484,Blinder,630.0,245.5,16,1,50
0,1667416252.5133493,climate_change,470.0,415.5,17,2,51
0,1667416252.5143342,climate_change,470.0,415.5,17,2,51
0,1667416252.5451524,climate_change,470.0,415.5,16,2,51
0,1667416252.5622895,climate_change,470.0,415.5,16,2,50
0,1667416252.578806,Blinder,470.0,415.5,16,2,50
0,1667416252.580397,climate_change,470.0,415.5,17,1,50
0,1667416252.603974,climate_change,470.0,415.5,17,1,50
0,1667416255.1973567,Blinder,800.0,660.5,17,2,51
0,1667416258.5245934,Blinder,765.0,310.5,18,6,50
0,1667416258.8333669,Blinder,735.0,310.5,19,5,50
0,1667416259.6906464,pandemic,735.0,255.5,20,5,50
0,1667416259.691611,pandemic,735.0,255.5,20,5,50
0,1667416259.7172966,pandemic,735.0,250.5,19,5,50
0,1667416259.73855,pandemic,735.0,245.5,19,5,50
0,1667416259.7623353,pandemic,735.0,240.5,19,5,50
0,1667416259.7855606,pandemic,735.0,235.5,19,5,50
0,1667416259.8086996,pandemic,735.0,230.5,19,5,50
0,1667416259.828432,pandemic,735.0,225.5,19,5,50
0,1667416261.1853793,Blinder,900.0,115.5,19,6,50
0,1667416261.4909537,nuclear_war,975.0,115.5,20,4,50
0,1667416261.491981,nuclear_war,975.0,115.5,20,4,50
0,1667416261.5281792,nuclear_war,970.0,115.5,19,4,50
0,1667416261.5501757,nuclear_war,965.0,115.5,19,4,50
0,1667416261.577284,nuclear_war,960.0,115.5,19,4,50
0,1667416261.5994687,nuclear_war,955.0,115.5,19,3,50
0,1667416268.6837387,pandemic,530.0,255.5,19,1,50
0,1667416268.6847425,pandemic,530.0,255.5,19,1,50
0,1667416268.7128234,pandemic,530.0,255.5,18,1,50
0,1667416268.7253592,pandemic,530.0,255.5,18,1,50
0,1667416268.7433686,pandemic,530.0,255.5,18,1,51
0,1667416268.7632143,pandemic,530.0,255.5,18,1,51
0,1667416268.7773645,pandemic,530.0,255.5,18,1,51
0,1667416268.79459,pandemic,530.0,255.5,18,1,51
0,1667416268.810271,pandemic,530.0,255.5,18,1,51
0,1667416268.829534,pandemic,530.0,255.5,18,1,51
0,1667416268.845743,pandemic,530.0,255.5,18,1,51
0,1667416268.860805,pandemic,530.0,255.5,18,1,51
0,1667416268.881469,pandemic,530.0,255.5,18,1,51
0,1667416268.90078,pandemic,530.0,255.5,18,1,51
0,1667416268.9214628,pandemic,530.0,255.5,18,1,51
0,1667416273.222145,Blinder,565.0,650.5,18,3,51
0,1667416279.42519,Blinder,485.0,585.5,19,3,51
0,1667416280.1140213,Blinder,485.0,670.5,20,2,50
0,1667416280.4522467,nuclear_war,485.0,695.5,21,1,50
0,1667416280.4532435,nuclear_war,485.0,695.5,21,1,50
0,1667416280.490926,nuclear_war,485.0,695.5,20,1,50
0,1667416280.5219195,nuclear_war,485.0,695.5,20,1,50
0,1667416280.5484672,nuclear_war,485.0,695.5,20,1,50
0,1667416280.5730026,nuclear_war,485.0,695.5,20,1,50
0,1667416280.6021464,nuclear_war,485.0,700.5,20,1,50
0,1667416280.6295326,nuclear_war,485.0,705.5,20,1,51
0,1667416286.165598,Blinder,870.0,50.5,20,7,51
0,1667416288.0517702,Blinder,705.0,50.5,21,7,51
0,1667416289.6634214,Blinder,875.0,95.5,22,7,51
0,1667416291.89751,Blinder,815.0,180.5,23,7,51
0,1667416292.590311,Blinder,610.0,90.5,24,6,51
0,1667416294.101963,Blinder,345.0,90.5,25,6,50
0,1667416295.0791342,Blinder,490.0,205.5,26,6,51
0,1667416295.7385411,Blinder,640.0,225.5,27,5,51
0,1667416296.9724915,Blinder,875.0,325.5,28,6,51
0,1667416298.514682,Blinder,1000.0,220.5,29,8,50
0,1667416299.185097,nuclear_war,1000.0,265.5,30,7,51
0,1667416299.1870933,nuclear_war,1000.0,265.5,30,7,51
0,1667416299.2154975,nuclear_war,1000.0,265.5,29,7,51
0,1667416299.2347531,nuclear_war,1000.0,265.5,29,7,51
0,1667416299.2579677,nuclear_war,1000.0,265.5,29,7,51
0,1667416299.2750669,nuclear_war,1000.0,265.5,29,7,51
0,1667416299.300699,nuclear_war,1000.0,265.5,29,7,51
0,1667416299.3203595,nuclear_war,1000.0,265.5,29,7,51
0,1667416303.2527173,Blinder,875.0,455.5,29,6,51
0,1667416303.2547107,pandemic,875.0,455.5,30,5,51
0,1667416303.2557173,pandemic,875.0,455.5,30,5,51
0,1667416303.2806008,pandemic,875.0,460.5,29,5,51
0,1667416303.2981951,pandemic,875.0,465.5,29,5,51
0,1667416303.313473,pandemic,875.0,465.5,29,5,50
0,1667416303.3333375,pandemic,875.0,465.5,29,5,50
0,1667416303.348857,pandemic,875.0,465.5,29,5,50
0,1667416303.3661141,pandemic,875.0,465.5,29,5,50
0,1667416303.3875048,pandemic,875.0,465.5,29,5,50
0,1667416303.4037104,pandemic,875.0,465.5,29,5,50
0,1667416303.5188437,famine,875.0,465.5,29,5,50
0,1667416303.5213654,famine,875.0,465.5,29,5,50
0,1667416303.5560596,famine,875.0,465.5,28,5,50
0,1667416303.5900817,famine,875.0,465.5,28,5,51
0,1667416303.6205094,famine,875.0,465.5,28,5,51
0,1667416303.6522005,famine,875.0,465.5,28,5,51
0,1667416303.6832778,famine,875.0,465.5,28,5,51
0,1667416303.7134435,famine,875.0,465.5,28,4,51
0,1667416303.7485952,famine,875.0,465.5,28,4,51
0,1667416303.7502437,crop_failure,875.0,465.5,28,4,51
0,1667416303.7511876,crop_failure,875.0,465.5,28,4,51
0,1667416303.7967792,famine,875.0,465.5,27,4,51
0,1667416303.7987554,crop_failure,875.0,465.5,27,4,51
0,1667416303.843315,famine,875.0,465.5,27,4,51
0,1667416303.8443103,crop_failure,875.0,465.5,27,4,51
0,1667416303.887025,famine,875.0,465.5,27,4,51
0,1667416303.8889558,crop_failure,875.0,465.5,27,4,51
0,1667416303.9316566,famine,875.0,465.5,27,3,51
0,1667416303.9327033,crop_failure,875.0,465.5,27,3,51
0,1667416303.9752228,famine,875.0,465.5,27,3,51
0,1667416303.9772215,crop_failure,875.0,465.5,27,3,51
0,1667416304.0259435,famine,875.0,465.5,27,3,51
0,1667416304.0279508,crop_failure,875.0,465.5,27,3,51
0,1667416304.0710711,famine,875.0,465.5,27,3,51
0,1667416304.1121402,famine,875.0,465.5,27,3,51
0,1667416304.1538806,famine,875.0,465.5,27,3,51
0,1667416304.19909,famine,875.0,460.5,27,3,51
0,1667416304.243549,famine,875.0,455.5,27,3,51
0,1667416304.2880676,famine,875.0,450.5,27,3,51
0,1667416306.5987833,Blinder,500.0,420.5,27,4,50
0,1667416311.115306,famine,500.0,680.5,28,1,50
0,1667416311.1173038,famine,500.0,680.5,28,1,50
0,1667416311.1434717,famine,500.0,680.5,27,2,51
0,1667416311.164512,famine,500.0,680.5,27,2,51
0,1667416311.180666,famine,500.0,680.5,27,2,51
0,1667416318.1508982,Blinder,435.0,520.5,27,5,50
0,1667416318.605739,Blinder,300.0,470.5,28,5,51
0,1667416319.5154696,Blinder,95.0,200.5,29,5,51
0,1667416323.5905588,Blinder,320.0,490.5,30,2,51
0,1667416335.4450583,Blinder,555.0,450.5,31,5,51
0,1667416336.172213,pandemic,540.0,450.5,32,4,51
0,1667416336.1742897,pandemic,540.0,450.5,32,4,51
0,1667416336.2011485,pandemic,540.0,450.5,31,4,51
0,1667416336.2229185,pandemic,540.0,450.5,31,4,50
0,1667416336.238536,pandemic,540.0,450.5,31,4,50
0,1667416336.2601426,pandemic,540.0,450.5,31,4,50
0,1667416336.277683,pandemic,540.0,450.5,31,4,50
0,1667416336.2986963,pandemic,540.0,450.5,31,4,50
0,1667416336.3155048,pandemic,540.0,455.5,31,4,50
0,1667416336.334636,pandemic,540.0,460.5,31,4,51
0,1667416336.3522196,pandemic,540.0,465.5,31,4,51
0,1667416337.2608187,machine_superintelligence,540.0,520.5,31,3,50
0,1667416337.261824,machine_superintelligence,540.0,520.5,31,3,50
0,1667416337.5046582,machine_superintelligence,515.0,520.5,30,3,51
0,1667416337.5285013,machine_superintelligence,515.0,520.5,30,3,51
0,1667416337.557118,machine_superintelligence,515.0,520.5,30,3,51
0,1667416337.5783963,machine_superintelligence,515.0,520.5,30,3,51
0,1667416337.6019812,machine_superintelligence,515.0,520.5,30,3,51
0,1667416337.622207,machine_superintelligence,515.0,520.5,30,3,51
0,1667416337.6492414,machine_superintelligence,515.0,520.5,30,3,51
0,1667416337.6710563,machine_superintelligence,515.0,520.5,30,3,51
0,1667416337.6955218,machine_superintelligence,515.0,520.5,30,3,51
0,1667416337.716412,machine_superintelligence,515.0,520.5,30,3,51
0,1667416337.7411757,machine_superintelligence,515.0,520.5,30,3,51
0,1667416337.7508118,machine_superintelligence,515.0,520.5,30,3,51
0,1667416337.7758398,machine_superintelligence,515.0,520.5,30,3,51
0,1667416337.9301727,machine_superintelligence,495.0,520.5,30,4,50
0,1667416337.9523184,machine_superintelligence,490.0,520.5,30,4,50
0,1667416337.9714792,machine_superintelligence,485.0,520.5,30,4,50
0,1667416337.9911208,machine_superintelligence,480.0,520.5,30,4,50
0,1667416338.009791,machine_superintelligence,480.0,520.5,30,4,50
0,1667416338.0378892,machine_superintelligence,480.0,520.5,30,4,50
0,1667416339.9189918,pandemic,965.0,460.5,30,6,50
0,1667416339.921106,pandemic,965.0,460.5,30,6,50
0,1667416339.971729,Blinder,980.0,445.5,29,7,51
0,1667416340.372528,climate_change,1000.0,445.5,30,6,51
0,1667416340.3745341,climate_change,1000.0,445.5,30,6,51
0,1667416340.4086075,climate_change,1000.0,445.5,29,6,51
0,1667416340.4391577,climate_change,1000.0,445.5,29,6,51
0,1667416340.4732368,climate_change,1000.0,445.5,29,6,51
0,1667416340.5058546,climate_change,1000.0,445.5,29,6,51
0,1667416340.5429363,crop_failure,1000.0,440.5,29,6,51
0,1667416340.5439405,crop_failure,1000.0,440.5,29,6,51
0,1667416340.5449405,climate_change,1000.0,440.5,28,6,51
0,1667416340.5931692,crop_failure,1000.0,435.5,28,6,51
0,1667416340.594153,climate_change,1000.0,435.5,28,6,51
0,1667416340.6422565,crop_failure,1000.0,430.5,28,6,51
0,1667416340.643256,climate_change,1000.0,430.5,28,6,51
0,1667416340.6926897,crop_failure,1000.0,425.5,28,6,51
0,1667416340.7369475,crop_failure,1000.0,420.5,28,6,51
0,1667416340.7782962,crop_failure,1000.0,415.5,28,6,51
0,1667416340.8216624,crop_failure,1000.0,410.5,28,6,51
0,1667416340.8655922,crop_failure,1000.0,405.5,28,6,51
0,1667416340.908117,crop_failure,1000.0,400.5,28,6,51
0,1667416341.253587,crop_failure,1000.0,390.5,28,6,51
0,1667416341.2545073,crop_failure,1000.0,390.5,28,6,51
0,1667416343.1736038,Blinder,850.0,340.5,27,6,50
0,1667416343.174618,famine,850.0,340.5,28,5,50
0,1667416343.1756084,famine,850.0,340.5,28,5,50
0,1667416343.2261372,famine,850.0,335.5,27,5,50
0,1667416343.2739587,famine,850.0,330.5,27,5,50
0,1667416343.3229775,famine,850.0,325.5,27,5,50
0,1667416343.3705459,famine,850.0,320.5,27,5,50
0,1667416343.42843,famine,850.0,315.5,27,5,50
0,1667416343.4800885,famine,850.0,310.5,27,5,50
0,1667416343.5187619,famine,845.0,310.5,27,5,50
0,1667416343.5579357,famine,840.0,310.5,27,5,50
0,1667416343.5973253,famine,835.0,310.5,27,5,50
0,1667416343.6347027,famine,830.0,310.5,27,5,50
0,1667416343.6718864,famine,825.0,310.5,27,5,50
0,1667416343.710643,famine,820.0,310.5,27,5,50
0,1667416343.751987,famine,815.0,310.5,27,6,50
0,1667416343.7898118,famine,810.0,310.5,27,6,50
0,1667416343.8323567,famine,805.0,310.5,27,5,51
0,1667416343.8746097,famine,800.0,310.5,27,5,51
0,1667416343.9116874,famine,795.0,310.5,27,5,51
0,1667416346.96262,crop_failure,550.0,440.5,27,1,51
0,1667416346.964622,crop_failure,550.0,440.5,27,1,51
0,1667416346.9973826,crop_failure,555.0,435.5,26,1,51
0,1667416347.0191908,crop_failure,555.0,430.5,26,1,51
0,1667416347.0352976,crop_failure,555.0,425.5,26,1,50
0,1667416347.0512938,crop_failure,555.0,420.5,26,1,50
0,1667416347.0733092,crop_failure,555.0,415.5,26,1,50
0,1667416347.0905235,crop_failure,555.0,410.5,26,1,50
0,1667416347.1071076,crop_failure,555.0,405.5,26,1,50
0,1667416347.1233668,crop_failure,555.0,400.5,26,1,50
0,1667416347.1253614,crop_failure,555.0,400.5,26,1,50
0,1667416347.1253614,crop_failure,555.0,400.5,26,1,50
0,1667416347.1571956,crop_failure,555.0,395.5,25,1,50
0,1667416347.1581886,crop_failure,555.0,395.5,25,1,50
0,1667416347.1859066,crop_failure,555.0,390.5,25,1,50
0,1667416347.2184136,crop_failure,555.0,385.5,25,1,50
0,1667416347.2466793,crop_failure,555.0,380.5,25,1,50
0,1667416347.2860327,crop_failure,555.0,375.5,25,1,50
0,1667416347.3143332,crop_failure,555.0,370.5,25,1,50
0,1667416347.3442454,crop_failure,555.0,365.5,25,1,50
0,1667416347.3700163,crop_failure,555.0,360.5,25,1,50
0,1667416347.4024994,crop_failure,555.0,355.5,25,1,50
0,1667416347.8114023,famine,600.0,330.5,25,1,51
0,1667416347.8123968,famine,600.0,330.5,25,1,51
0,1667416347.854584,famine,605.0,330.5,24,1,51
0,1667416347.8959236,famine,610.0,330.5,24,1,51
0,1667416347.9417226,famine,615.0,330.5,24,1,51
0,1667416347.9841614,famine,620.0,335.5,24,1,51
0,1667416348.0318487,famine,625.0,340.5,24,1,51
0,1667416348.0761123,famine,630.0,345.5,24,1,51
0,1667416349.9762824,climate_change,775.0,645.5,24,2,50
0,1667416349.978224,climate_change,775.0,645.5,24,2,50
0,1667416349.9979835,climate_change,770.0,650.5,23,2,50
0,1667416350.0226629,climate_change,765.0,655.5,23,2,50
0,1667416350.0236678,crop_failure,765.0,655.5,23,2,50
0,1667416350.0256746,crop_failure,765.0,655.5,23,2,50
0,1667416350.050219,climate_change,760.0,660.5,22,2,50
0,1667416350.051229,crop_failure,760.0,660.5,22,2,50
0,1667416350.075098,climate_change,755.0,665.5,22,2,50
0,1667416350.0770993,crop_failure,755.0,665.5,22,2,50
0,1667416350.1073332,climate_change,750.0,670.5,22,2,50
0,1667416350.1083343,crop_failure,750.0,670.5,22,2,50
0,1667416350.1350143,crop_failure,745.0,675.5,22,2,50
0,1667416350.158254,crop_failure,740.0,680.5,22,3,50
0,1667416350.1821735,Blinder,735.0,685.5,22,3,50
0,1667416350.1831837,crop_failure,735.0,685.5,23,2,50
0,1667416350.680426,pandemic,685.0,700.5,23,2,50
0,1667416350.6824322,pandemic,685.0,700.5,23,2,50
0,1667416350.7240398,pandemic,685.0,700.5,22,2,50
0,1667416350.7640436,pandemic,685.0,695.5,22,2,50
0,1667416350.807421,pandemic,685.0,690.5,22,2,50
0,1667416350.8485653,pandemic,685.0,685.5,22,2,50
0,1667416350.8901663,pandemic,685.0,680.5,22,2,50
0,1667416350.935938,pandemic,685.0,675.5,22,2,50
0,1667416350.983382,pandemic,685.0,670.5,22,2,50
0,1667416351.026001,pandemic,685.0,665.5,22,2,50
0,1667416351.067944,pandemic,685.0,660.5,22,2,50
0,1667416352.5056598,famine,630.0,490.5,22,2,51
0,1667416352.5067382,famine,630.0,490.5,22,2,51
0,1667416352.5390565,famine,630.0,485.5,21,2,50
0,1667416352.5707927,famine,630.0,480.5,21,2,50
0,1667416352.6006117,famine,630.0,475.5,21,2,50
0,1667416352.6319535,famine,630.0,470.5,21,2,50
0,1667416352.6686301,famine,630.0,465.5,21,2,50
0,1667416352.6944864,famine,630.0,460.5,21,2,50
0,1667416352.7267485,famine,630.0,455.5,21,2,50
0,1667416354.0790176,nuclear_war,585.0,120.5,21,1,51
0,1667416354.0816283,nuclear_war,585.0,120.5,21,1,51
0,1667416354.0982285,nuclear_war,580.0,115.5,20,1,51
0,1667416354.1203706,nuclear_war,575.0,110.5,20,1,51
0,1667416354.1379716,nuclear_war,570.0,105.5,20,1,51
0,1667416354.1556666,nuclear_war,565.0,100.5,20,1,51
0,1667416355.3441088,famine,685.0,126.5,20,0,50
0,1667416355.3460493,famine,685.0,126.5,20,0,50
0,1667416355.3683646,famine,685.0,131.5,19,0,50
0,1667416355.3872087,famine,685.0,136.5,19,0,50
0,1667416355.4030075,famine,685.0,141.5,19,1,50
0,1667416355.4217596,famine,685.0,146.5,19,1,50
0,1667416355.439994,famine,685.0,151.5,19,1,50
0,1667416355.4562316,famine,685.0,156.5,19,1,50
0,1667416355.473189,famine,685.0,161.5,19,1,50
0,1667416355.490164,famine,685.0,166.5,19,1,50
0,1667416355.5087173,famine,685.0,171.5,19,1,50
0,1667416355.526818,famine,685.0,176.5,19,1,50
0,1667416362.9119372,nuclear_war,710.0,581.5,19,2,50
0,1667416362.9134464,nuclear_war,710.0,581.5,19,2,50
0,1667416362.9332664,nuclear_war,710.0,581.5,18,2,50
0,1667416362.949764,nuclear_war,710.0,581.5,18,2,50
0,1667416362.9658678,nuclear_war,710.0,581.5,18,2,50
0,1667416362.9862523,nuclear_war,710.0,581.5,18,2,50
0,1667416363.004011,nuclear_war,710.0,581.5,18,2,50
0,1667416363.0207095,nuclear_war,710.0,581.5,18,2,50
0,1667416363.037312,nuclear_war,710.0,581.5,18,2,50
0,1667416363.0571556,nuclear_war,710.0,581.5,18,2,50
0,1667416370.1063936,Blinder,700.0,354.5,18,8,51
0,1667416371.350086,Blinder,800.0,274.5,19,7,50
0,1667416381.6491687,nuclear_war,740.0,444.5,20,4,51
0,1667416381.6526544,nuclear_war,740.0,444.5,20,4,51
0,1667416381.6748185,nuclear_war,740.0,444.5,19,4,51
0,1667416381.6919506,nuclear_war,740.0,444.5,19,4,50
0,1667416381.7090416,nuclear_war,740.0,444.5,19,4,51
0,1667416381.72607,nuclear_war,740.0,444.5,19,4,51
0,1667416381.747087,nuclear_war,740.0,444.5,19,4,51
0,1667416381.763861,nuclear_war,740.0,444.5,19,4,51
0,1667416381.7814484,nuclear_war,740.0,444.5,19,4,50
0,1667416381.7979996,nuclear_war,740.0,444.5,19,4,50
0,1667416381.819798,nuclear_war,740.0,449.5,19,4,50
0,1667416383.902244,crop_failure,655.0,199.5,19,5,50
0,1667416383.9043262,crop_failure,655.0,199.5,19,5,50
0,1667416383.9241006,crop_failure,650.0,194.5,18,5,50
0,1667416384.8781605,Blinder,635.0,44.5,18,5,51
0,1667416386.3858013,Blinder,270.0,25.5,19,7,51
0,1667416387.6287873,Blinder,175.0,200.5,20,10,51
0,1667416387.8067358,Blinder,175.0,250.5,21,9,51
0,1667416388.941147,crop_failure,290.0,265.5,22,9,50
0,1667416388.9421575,crop_failure,290.0,265.5,22,9,50
0,1667416390.1530674,Blinder,200.0,380.5,21,9,51
0,1667416391.0529273,pandemic,85.0,585.5,22,8,51
0,1667416391.0549395,pandemic,85.0,585.5,22,8,51
0,1667416391.0830948,pandemic,85.0,590.5,21,8,51
0,1667416391.1103292,pandemic,85.0,590.5,21,8,51
0,1667416391.1269267,pandemic,85.0,590.5,21,9,51
0,1667416391.1477404,pandemic,90.0,590.5,21,9,51
0,1667416391.1667671,pandemic,95.0,590.5,21,9,51
0,1667416391.188884,pandemic,100.0,590.5,21,9,51
0,1667416391.2050147,pandemic,105.0,590.5,21,8,51
0,1667416391.225051,pandemic,110.0,590.5,21,8,51
0,1667416391.2418497,pandemic,115.0,590.5,21,8,51
0,1667416391.2613983,pandemic,120.0,590.5,21,8,51
0,1667416391.277946,pandemic,125.0,590.5,21,8,51
0,1667416391.3000028,pandemic,130.0,590.5,21,8,51
0,1667416391.318055,pandemic,135.0,590.5,21,8,51
0,1667416391.3415112,pandemic,140.0,590.5,21,8,51
0,1667416391.3586643,pandemic,145.0,590.5,21,8,51
0,1667416391.3806372,pandemic,150.0,590.5,21,8,51
0,1667416391.3996065,pandemic,155.0,590.5,21,8,51
0,1667416391.4190307,pandemic,160.0,590.5,21,8,51
0,1667416391.4380772,pandemic,165.0,590.5,21,8,50
0,1667416391.4604595,pandemic,170.0,590.5,21,8,50
0,1667416391.4779975,pandemic,175.0,590.5,21,8,50
0,1667416391.4978454,pandemic,180.0,590.5,21,8,50
0,1667416391.5168898,pandemic,185.0,590.5,21,8,50
0,1667416391.5384202,pandemic,190.0,590.5,21,8,50
0,1667416391.5579693,pandemic,195.0,595.5,21,8,50
0,1667416391.5852726,pandemic,200.0,600.5,21,8,50
0,1667416391.6020687,pandemic,205.0,605.5,21,8,50
0,1667416391.6241155,pandemic,205.0,610.5,21,8,50
0,1667416391.6423068,pandemic,205.0,615.5,21,8,50
0,1667416391.6639314,pandemic,205.0,620.5,21,8,50
0,1667416391.6826787,pandemic,205.0,625.5,21,8,50
0,1667416391.7044814,pandemic,205.0,630.5,21,8,50
0,1667416391.7216277,pandemic,205.0,635.5,21,8,50
0,1667416392.07884,Blinder,115.0,655.5,21,8,51
0,1667416395.1289454,Blinder,740.0,230.5,22,3,51
0,1667416395.212949,pandemic,740.0,205.5,23,2,51
0,1667416395.213953,pandemic,740.0,205.5,23,2,51
0,1667416395.2341785,pandemic,740.0,200.5,22,2,51
0,1667416395.2517424,pandemic,740.0,195.5,22,2,51
0,1667416395.2713242,pandemic,740.0,190.5,22,2,51
0,1667416395.2889085,pandemic,740.0,185.5,22,2,50
0,1667416396.139628,Blinder,900.0,165.5,22,2,50
0,1667416396.8946116,famine,915.0,280.5,23,2,51
0,1667416396.896612,famine,915.0,280.5,23,2,51
0,1667416396.9212966,famine,910.0,285.5,22,2,51
0,1667416396.950937,famine,905.0,290.5,22,2,51
0,1667416396.9776812,famine,900.0,295.5,22,2,51
0,1667416397.0033524,famine,895.0,300.5,22,2,51
0,1667416397.0273788,famine,890.0,305.5,22,2,51
0,1667416397.0538206,famine,885.0,310.5,22,2,51
0,1667416397.078594,famine,880.0,315.5,22,2,51
0,1667416397.105904,famine,875.0,320.5,22,2,51
0,1667416398.444899,Blinder,575.0,420.5,22,3,50
0,1667416399.0422418,famine,440.0,380.5,23,3,50
0,1667416399.0432339,famine,440.0,380.5,23,3,50
0,1667416399.0642939,famine,440.0,375.5,22,3,50
0,1667416399.0825446,famine,440.0,370.5,22,3,50
0,1667416399.1042533,famine,440.0,365.5,22,3,50
0,1667416399.1220152,famine,440.0,360.5,22,3,50
0,1667416399.1447678,famine,440.0,360.5,22,3,50
0,1667416399.1644585,famine,440.0,360.5,22,3,50
0,1667416399.1853054,famine,440.0,360.5,22,3,50
0,1667416399.2070172,famine,440.0,360.5,22,3,50
0,1667416399.229827,famine,440.0,360.5,22,3,50
0,1667416399.2479882,famine,440.0,360.5,22,3,50
0,1667416399.2753713,famine,445.0,360.5,22,3,50
0,1667416399.2971902,famine,450.0,360.5,22,3,50
0,1667416399.322076,famine,455.0,360.5,22,3,51
0,1667416399.3422353,famine,460.0,360.5,22,3,51
0,1667416399.364379,famine,465.0,360.5,22,3,51
0,1667416399.3824737,famine,470.0,360.5,22,3,51
0,1667416399.4062111,famine,475.0,360.5,22,3,51
0,1667416399.424394,famine,480.0,360.5,22,3,51
0,1667416400.4835267,famine,755.0,265.5,22,4,51
0,1667416400.4855306,famine,755.0,265.5,22,4,51
0,1667416400.5142913,famine,755.0,265.5,21,4,51
0,1667416400.5358791,famine,755.0,265.5,21,4,51
0,1667416400.5619967,famine,755.0,265.5,21,4,51
0,1667416400.5818248,famine,755.0,265.5,21,4,51
0,1667416400.6041672,famine,755.0,265.5,21,4,51
0,1667416400.6224036,famine,755.0,265.5,21,4,51
0,1667416400.6432788,Blinder,755.0,265.5,21,4,51
0,1667416400.6442204,famine,755.0,265.5,22,3,51
0,1667416400.6668541,famine,755.0,265.5,22,3,51
0,1667416400.694411,famine,755.0,265.5,22,3,51
0,1667416400.7200913,famine,755.0,265.5,22,3,51
0,1667416400.7473197,famine,755.0,265.5,22,3,51
0,1667416400.7716045,famine,755.0,265.5,22,3,50
0,1667416400.7984712,famine,755.0,265.5,22,3,50
0,1667416400.814609,famine,755.0,265.5,22,3,51
0,1667416400.8363073,famine,750.0,265.5,22,3,51
0,1667416400.8554668,famine,745.0,265.5,22,3,51
0,1667416400.8801532,famine,740.0,265.5,22,3,51
0,1667416400.901744,famine,735.0,265.5,22,3,51
0,1667416400.924144,famine,730.0,265.5,22,3,51
0,1667416401.4412303,famine,600.0,265.5,22,3,51
0,1667416401.443306,famine,600.0,265.5,22,3,51
0,1667416401.4786265,famine,595.0,265.5,21,3,51
0,1667416401.5130365,famine,590.0,265.5,21,3,51
0,1667416401.5418158,famine,585.0,265.5,21,3,51
0,1667416401.577507,famine,580.0,265.5,21,3,51
0,1667416401.6106267,famine,575.0,265.5,21,3,51
0,1667416401.6487095,famine,570.0,265.5,21,3,51
0,1667416401.679871,famine,565.0,265.5,21,3,50
0,1667416401.7195072,famine,560.0,265.5,21,3,50
0,1667416401.7545462,famine,555.0,265.5,21,3,50
0,1667416402.0197868,pandemic,510.0,240.5,21,2,50
0,1667416402.020843,pandemic,510.0,240.5,21,2,50
0,1667416402.0533898,pandemic,505.0,235.5,20,2,50
0,1667416402.0860415,pandemic,500.0,230.5,20,2,50
0,1667416402.1136587,pandemic,500.0,225.5,20,2,50
0,1667416402.1448143,pandemic,500.0,220.5,20,2,50
0,1667416402.17454,pandemic,500.0,215.5,20,2,50
0,1667416402.2033045,pandemic,500.0,210.5,20,2,50
0,1667416402.3762953,pandemic,500.0,185.5,20,2,50
0,1667416402.3772972,pandemic,500.0,185.5,20,2,50
0,1667416402.4196997,pandemic,500.0,180.5,19,2,50
0,1667416402.4699807,pandemic,500.0,175.5,19,2,50
0,1667416402.5237243,pandemic,500.0,170.5,19,2,50
0,1667416402.5665638,pandemic,500.0,165.5,19,2,50
0,1667416402.6119096,pandemic,500.0,160.5,19,2,50
0,1667416403.353775,nuclear_war,445.0,125.5,19,2,50
0,1667416403.3557878,nuclear_war,445.0,125.5,19,2,50
0,1667416403.4124222,nuclear_war,440.0,125.5,18,2,50
0,1667416403.4648802,nuclear_war,435.0,125.5,18,2,51
0,1667416403.5162842,nuclear_war,430.0,125.5,18,2,51
0,1667416403.5669854,nuclear_war,425.0,125.5,18,2,51
0,1667416404.8632698,Blinder,250.0,125.5,18,3,51
0,1667416405.7819035,famine,450.0,155.5,19,1,50
0,1667416405.7839084,famine,450.0,155.5,19,1,50
0,1667416405.8145258,famine,455.0,160.5,18,1,50
0,1667416405.835663,famine,460.0,165.5,18,1,50
0,1667416405.859945,famine,465.0,170.5,18,1,50
0,1667416405.8801148,famine,470.0,175.5,18,1,50
0,1667416405.9042706,famine,475.0,180.5,18,2,50
0,1667416405.924453,famine,480.0,185.5,18,2,50
0,1667416406.4422853,nuclear_war,595.0,185.5,18,3,51
0,1667416406.4433038,nuclear_war,595.0,185.5,18,3,51
0,1667416406.4764802,nuclear_war,600.0,185.5,17,3,51
0,1667416406.5122821,nuclear_war,605.0,185.5,17,3,51
0,1667416406.5511715,nuclear_war,610.0,185.5,17,3,51
0,1667416406.5913758,nuclear_war,615.0,185.5,17,3,51
0,1667416407.289551,crop_failure,720.0,225.5,17,3,50
0,1667416407.291556,crop_failure,720.0,225.5,17,3,50
0,1667416407.3413281,crop_failure,725.0,225.5,16,3,50
0,1667416407.3878114,crop_failure,730.0,225.5,16,3,50
0,1667416407.431776,crop_failure,735.0,225.5,16,3,50
0,1667416407.4794762,famine,740.0,225.5,16,3,50
0,1667416407.4805028,famine,740.0,225.5,16,3,50
0,1667416407.4824886,crop_failure,740.0,225.5,15,3,50
0,1667416407.5509586,famine,745.0,230.5,15,2,50
0,1667416407.5519383,crop_failure,745.0,230.5,15,2,50
0,1667416407.6576345,famine,750.0,235.5,15,2,50
0,1667416407.6587029,crop_failure,750.0,235.5,15,2,50
0,1667416407.6661131,famine,755.0,240.5,15,2,50
0,1667416407.6661131,crop_failure,755.0,240.5,15,2,50
0,1667416407.7148328,famine,760.0,245.5,15,2,50
0,1667416407.8026426,famine,760.0,250.5,15,2,51
0,1667416407.8856862,famine,760.0,255.5,15,2,51
0,1667416407.9296694,famine,760.0,260.5,15,2,51
0,1667416409.596179,Blinder,795.0,490.5,15,3,51
0,1667416410.6880088,Blinder,630.0,345.5,16,3,50
0,1667416413.7380705,famine,900.0,425.5,17,2,50
0,1667416413.7416399,famine,900.0,425.5,17,2,50
0,1667416413.774651,famine,905.0,425.5,16,2,51
0,1667416413.7978814,famine,910.0,425.5,16,2,51
0,1667416413.8236053,famine,915.0,425.5,16,2,51
0,1667416413.8439867,famine,920.0,425.5,16,2,51
0,1667416413.8629878,famine,925.0,425.5,16,2,51
0,1667416413.8825486,famine,930.0,425.5,16,2,51
0,1667416413.9044588,famine,930.0,420.5,16,2,51
0,1667416413.9207067,famine,930.0,415.5,16,2,51
0,1667416413.9369776,famine,930.0,410.5,16,2,51
0,1667416413.9555264,famine,930.0,405.5,16,2,51
0,1667416413.978824,famine,930.0,400.5,16,2,51
0,1667416413.9979312,famine,930.0,395.5,16,2,51
0,1667416414.0148833,famine,930.0,395.5,16,2,51
0,1667416414.033052,famine,930.0,395.5,16,2,51
0,1667416414.0518556,famine,930.0,395.5,16,2,51
0,1667416414.0680873,famine,930.0,395.5,16,2,51
0,1667416414.0843847,famine,930.0,395.5,16,2,51
0,1667416414.101593,famine,930.0,395.5,16,2,51
0,1667416414.1233425,famine,930.0,395.5,16,2,51
0,1667416414.1395714,famine,930.0,395.5,16,2,51
0,1667416414.1557817,famine,930.0,395.5,16,2,51
0,1667416414.1737432,famine,930.0,395.5,16,2,51
0,1667416414.1944149,famine,930.0,395.5,16,2,51
0,1667416414.1954012,machine_superintelligence,930.0,395.5,16,2,51
0,1667416414.1963542,machine_superintelligence,930.0,395.5,16,2,51
0,1667416414.228592,famine,930.0,395.5,15,2,51
0,1667416414.2300985,machine_superintelligence,930.0,395.5,15,2,51
0,1667416414.259912,famine,930.0,395.5,15,2,51
0,1667416414.2609258,machine_superintelligence,930.0,395.5,15,2,51
0,1667416414.2894945,famine,930.0,395.5,15,2,51
0,1667416414.2905734,machine_superintelligence,930.0,395.5,15,2,51
0,1667416414.3227608,famine,930.0,390.5,15,2,51
0,1667416414.32483,machine_superintelligence,930.0,390.5,15,2,51
0,1667416414.3525565,famine,930.0,385.5,15,2,51
0,1667416414.3535576,machine_superintelligence,930.0,385.5,15,2,51
0,1667416414.3854673,famine,930.0,380.5,15,2,51
0,1667416414.3864686,machine_superintelligence,930.0,380.5,15,2,51
0,1667416414.418015,famine,930.0,375.5,15,2,51
0,1667416414.4215314,machine_superintelligence,930.0,375.5,15,2,51
0,1667416414.4567924,machine_superintelligence,930.0,370.5,15,2,51
0,1667416414.4863434,Blinder,930.0,365.5,15,2,51
0,1667416414.4873536,machine_superintelligence,930.0,365.5,16,1,51
0,1667416417.2488086,Blinder,530.0,225.5,16,4,50
0,1667416417.4841154,famine,530.0,255.5,17,4,50
0,1667416417.4851055,famine,530.0,255.5,17,4,50
0,1667416418.3126843,Blinder,590.0,100.5,16,6,51
0,1667416418.683968,crop_failure,590.0,60.5,17,4,51
0,1667416418.6849484,crop_failure,590.0,60.5,17,4,51
0,1667416418.7226512,crop_failure,590.0,60.5,16,4,51
0,1667416418.7601967,crop_failure,585.0,60.5,16,4,51
0,1667416418.7978475,crop_failure,580.0,60.5,16,4,51
0,1667416418.8352623,crop_failure,575.0,60.5,16,4,51
0,1667416418.8737142,crop_failure,570.0,60.5,16,4,51
0,1667416418.9127047,crop_failure,565.0,60.5,16,4,51
0,1667416418.9566226,crop_failure,560.0,60.5,16,4,51
0,1667416419.813341,nuclear_war,420.0,105.5,16,4,50
0,1667416419.814338,nuclear_war,420.0,105.5,16,4,50
0,1667416419.8513863,nuclear_war,420.0,110.5,15,4,50
0,1667416419.8899477,nuclear_war,420.0,115.5,15,4,50
0,1667416419.9255023,nuclear_war,420.0,120.5,15,4,50
0,1667416419.963601,nuclear_war,420.0,125.5,15,4,50
0,1667416420.0012486,nuclear_war,420.0,130.5,15,4,51
0,1667416420.0413334,nuclear_war,420.0,135.5,15,4,50
0,1667416421.3266103,famine,625.0,280.5,15,3,51
0,1667416421.3286119,famine,625.0,280.5,15,3,51
0,1667416421.4018435,famine,630.0,285.5,14,3,51
0,1667416421.4327598,famine,635.0,290.5,14,3,51
0,1667416421.4377594,famine,640.0,295.5,14,3,51
0,1667416421.4710085,famine,645.0,300.5,14,3,51
0,1667416421.5056741,famine,650.0,305.5,14,3,51
0,1667416421.5384593,Blinder,655.0,310.5,14,3,50
0,1667416421.540988,famine,655.0,310.5,15,2,50
0,1667416421.5666943,famine,660.0,315.5,15,2,50
0,1667416422.5574331,Blinder,805.0,470.5,15,2,50
0,1667416424.3359156,famine,355.0,520.5,16,2,51
0,1667416424.3378508,famine,355.0,520.5,16,2,51
0,1667416424.3621466,famine,350.0,520.5,15,2,51
0,1667416424.3827207,famine,345.0,520.5,15,2,51
0,1667416424.40682,famine,340.0,520.5,15,2,51
0,1667416424.4281526,famine,335.0,520.5,15,2,51
0,1667416424.4529,famine,330.0,520.5,15,2,51
0,1667416424.4539003,pandemic,330.0,520.5,15,2,51
0,1667416424.454903,pandemic,330.0,520.5,15,2,51
0,1667416424.4896479,famine,325.0,520.5,14,2,51
0,1667416424.4916563,pandemic,325.0,520.5,14,2,51
0,1667416424.51953,famine,320.0,520.5,14,2,51
0,1667416424.5205374,pandemic,320.0,520.5,14,2,51
0,1667416424.5527785,famine,315.0,520.5,14,2,51
0,1667416424.5547707,pandemic,315.0,520.5,14,2,51
0,1667416424.5951939,pandemic,310.0,520.5,14,2,51
0,1667416424.6312718,pandemic,305.0,520.5,14,2,51
0,1667416426.2938387,climate_change,395.0,270.5,14,2,50
0,1667416426.2957497,climate_change,395.0,270.5,14,2,50
0,1667416426.3127291,climate_change,395.0,265.5,13,2,50
0,1667416426.3288035,climate_change,395.0,260.5,13,2,50
0,1667416427.9559774,famine,345.0,103.25,13,1,50
0,1667416427.9579859,famine,345.0,103.25,13,1,50
0,1667416427.9781215,famine,350.0,108.25,12,1,50
0,1667416427.9949534,famine,355.0,113.25,12,1,50
0,1667416428.015266,famine,360.0,118.25,12,1,50
0,1667416428.0318267,famine,365.0,123.25,12,1,50
0,1667416428.0328329,famine,365.0,123.25,12,1,50
0,1667416428.033833,famine,365.0,123.25,11,1,50
0,1667416428.0681386,famine,370.0,128.25,11,1,50
0,1667416428.0696428,famine,370.0,128.25,11,1,50
0,1667416428.1015797,famine,375.0,133.25,11,1,50
0,1667416428.103587,famine,375.0,133.25,11,1,50
0,1667416428.1316767,famine,380.0,138.25,11,1,50
0,1667416428.1642902,famine,385.0,143.25,11,1,50
0,1667416428.1951473,famine,390.0,148.25,11,1,50
0,1667416428.2353654,famine,395.0,153.25,11,1,50
0,1667416428.2651963,famine,400.0,158.25,11,1,50
0,1667416430.1302445,pandemic,660.0,478.25,11,3,51
0,1667416430.1322548,pandemic,660.0,478.25,11,3,51
0,1667416430.1574244,pandemic,665.0,478.25,10,3,51
0,1667416430.1772087,pandemic,670.0,478.25,10,3,51
0,1667416430.195096,pandemic,675.0,478.25,10,3,51
0,1667416430.2112634,pandemic,680.0,478.25,10,3,51
0,1667416430.2328856,pandemic,685.0,478.25,10,3,51
0,1667416431.0537152,pandemic,595.0,353.25,10,3,50
0,1667416431.054716,pandemic,595.0,353.25,10,3,50
0,1667416431.0815706,Blinder,590.0,358.25,9,3,50
0,1667416431.0825722,pandemic,590.0,358.25,10,2,50
0,1667416431.1093857,pandemic,585.0,363.25,10,2,50
0,1667416431.1386967,pandemic,580.0,368.25,10,2,50
0,1667416431.9756722,Blinder,520.0,298.25,10,3,51
0,1667416432.1207461,crop_failure,555.0,298.25,11,2,51
0,1667416432.1227462,crop_failure,555.0,298.25,11,2,51
0,1667416432.16347,crop_failure,560.0,298.25,10,2,51
0,1667416432.1967342,crop_failure,565.0,298.25,10,2,50
0,1667416432.2326064,crop_failure,570.0,298.25,10,2,50
0,1667416432.2660596,crop_failure,575.0,298.25,10,2,50
0,1667416432.3050766,crop_failure,580.0,298.25,10,2,50
0,1667416432.3436012,crop_failure,585.0,298.25,10,2,50
0,1667416433.5984602,Blinder,780.0,273.25,10,1,50
0,1667416435.5956633,pandemic,470.0,45.5,11,0,51
0,1667416435.5966566,pandemic,470.0,45.5,11,0,51
0,1667416435.6179216,pandemic,465.0,50.5,10,0,51
0,1667416435.6341157,pandemic,460.0,55.5,10,0,51
0,1667416435.6540956,pandemic,460.0,60.5,10,0,51
0,1667416435.6711204,pandemic,460.0,65.5,10,0,51
0,1667416435.690811,pandemic,460.0,70.5,10,0,51
0,1667416435.7084649,pandemic,460.0,75.5,10,0,51
0,1667416435.7279215,pandemic,460.0,80.5,10,1,51
0,1667416436.1747646,famine,460.0,210.5,10,2,51
0,1667416436.176764,famine,460.0,210.5,10,2,51
0,1667416436.2061334,famine,460.0,215.5,9,2,51
0,1667416436.235251,famine,460.0,220.5,9,2,51
0,1667416436.2629964,famine,460.0,225.5,9,2,51
0,1667416436.2882369,famine,460.0,230.5,9,2,51
0,1667416436.3141358,famine,460.0,235.5,9,2,51
0,1667416436.3401453,famine,460.0,240.5,9,2,51
0,1667416436.3679452,famine,460.0,245.5,9,2,51
0,1667416436.392654,famine,460.0,250.5,9,2,50
0,1667416436.4288826,famine,460.0,255.5,9,2,50
0,1667416436.9343886,famine,405.0,300.5,9,3,51
0,1667416436.9364161,famine,405.0,300.5,9,3,51
0,1667416436.9697626,famine,400.0,300.5,8,3,51
0,1667416436.999872,famine,395.0,300.5,8,3,51
0,1667416437.0313678,famine,390.0,300.5,8,3,51
0,1667416437.0605328,famine,385.0,300.5,8,3,51
0,1667416437.091611,famine,380.0,300.5,8,3,51
0,1667416437.1212273,Blinder,375.0,300.5,8,3,51
0,1667416437.1232398,famine,375.0,300.5,9,2,51
0,1667416437.1629689,famine,370.0,300.5,9,2,51
0,1667416437.202805,famine,365.0,300.5,9,2,51
0,1667416438.2393024,climate_change,435.0,380.5,9,4,51
0,1667416438.240813,climate_change,435.0,380.5,9,4,51
0,1667416438.2735,climate_change,440.0,380.5,8,4,51
0,1667416438.3029156,climate_change,445.0,380.5,8,4,51
0,1667416438.3367236,climate_change,450.0,380.5,8,4,51
0,1667416438.367119,climate_change,455.0,380.5,8,4,51
0,1667416438.408067,climate_change,460.0,380.5,8,4,51
0,1667416438.674054,nuclear_war,500.0,380.5,8,4,51
0,1667416438.6750526,nuclear_war,500.0,380.5,8,4,51
0,1667416438.7200587,nuclear_war,505.0,380.5,7,4,51
0,1667416438.7635398,nuclear_war,510.0,380.5,7,4,51
0,1667416438.806448,nuclear_war,515.0,380.5,7,4,51
0,1667416440.014016,Blinder,700.0,325.5,7,4,51
0,1667416440.80233,climate_change,780.0,160.5,8,3,51
0,1667416440.8043804,climate_change,780.0,160.5,8,3,51
0,1667416440.8253603,climate_change,780.0,155.5,7,3,51
0,1667416440.8423357,climate_change,780.0,150.5,7,3,50
0,1667416440.864415,climate_change,780.0,145.5,7,3,50
0,1667416440.8816476,climate_change,780.0,140.5,7,3,50
0,1667416440.901511,climate_change,780.0,135.5,7,3,51
0,1667416440.9193318,climate_change,780.0,130.5,7,3,51
0,1667416441.217052,climate_change,775.0,55.5,7,4,50
0,1667416441.218053,climate_change,775.0,55.5,7,4,50
0,1667416441.2487862,climate_change,770.0,50.5,6,4,50
0,1667416441.2798266,climate_change,765.0,50.5,6,4,50
0,1667416441.3079681,climate_change,760.0,50.5,6,4,50
0,1667416441.335796,climate_change,755.0,50.5,6,4,50
0,1667416441.6440604,famine,700.0,50.5,6,4,51
0,1667416441.6460016,famine,700.0,50.5,6,4,51
0,1667416441.6894948,famine,695.0,55.5,5,4,51
0,1667416441.7303703,famine,690.0,60.5,5,4,51
0,1667416441.7736704,famine,685.0,65.5,5,4,51
0,1667416441.814881,famine,680.0,70.5,5,4,51
0,1667416443.5627518,famine,600.0,295.5,5,4,50
0,1667416443.5647585,famine,600.0,295.5,5,4,50
0,1667416443.5968146,famine,600.0,300.5,4,4,51
0,1667416443.6302006,famine,600.0,305.5,4,4,51
0,1667416443.6559913,famine,600.0,310.5,4,4,51
0,1667416443.6752892,famine,600.0,315.5,4,4,51
0,1667416443.6926425,famine,600.0,320.5,4,4,51
0,1667416443.7143862,famine,600.0,325.5,4,4,51
0,1667416443.7355726,famine,600.0,330.5,4,4,51
0,1667416443.7375731,climate_change,600.0,330.5,4,4,51
0,1667416443.740128,climate_change,600.0,330.5,4,4,51
0,1667416443.7811134,famine,595.0,335.5,3,4,51
0,1667416443.7821138,climate_change,595.0,335.5,3,4,51
0,1667416443.807748,famine,590.0,340.5,3,4,51
0,1667416443.8102493,climate_change,590.0,340.5,3,4,51
0,1667416443.843894,climate_change,585.0,345.5,3,4,51
0,1667416443.8724992,climate_change,580.0,345.5,3,4,51
0,1667416443.9078684,climate_change,575.0,345.5,3,4,51
0,1667416443.9337075,climate_change,570.0,345.5,3,4,51
0,1667416443.9637015,climate_change,565.0,345.5,3,4,51
0,1667416443.9985235,climate_change,560.0,345.5,3,4,51
0,1667416444.0367057,climate_change,555.0,345.5,3,4,51
0,1667416444.1037505,climate_change,550.0,345.5,3,4,51
0,1667416444.1387093,climate_change,545.0,345.5,3,4,51
0,1667416444.1684556,climate_change,540.0,345.5,3,4,51
0,1667416444.198465,climate_change,535.0,345.5,3,4,51
0,1667416444.2255902,climate_change,530.0,345.5,3,4,51
0,1667416444.2541718,climate_change,525.0,345.5,3,4,51
0,1667416444.256201,famine,525.0,345.5,3,4,51
0,1667416444.257191,famine,525.0,345.5,3,4,51
0,1667416444.300312,climate_change,520.0,345.5,2,4,51
0,1667416444.3023183,famine,520.0,345.5,2,4,51
0,1667416444.3438947,climate_change,515.0,345.5,2,4,51
0,1667416444.3459046,famine,515.0,345.5,2,4,51
0,1667416444.3888588,climate_change,510.0,345.5,2,4,51
0,1667416444.3894403,famine,510.0,345.5,2,4,51
0,1667416444.4332685,climate_change,505.0,350.5,2,5,51
0,1667416444.4342694,famine,505.0,350.5,2,5,51
0,1667416444.4352775,famine,505.0,350.5,2,5,51
0,1667416444.4372697,famine,505.0,350.5,1,5,51
0,1667416444.4925578,climate_change,505.0,355.5,1,5,51
0,1667416444.4935703,famine,505.0,355.5,1,5,51
0,1667416444.553091,climate_change,505.0,360.5,1,5,51
0,1667416444.5550923,famine,505.0,360.5,1,5,51
0,1667416444.6098635,climate_change,505.0,365.5,1,5,51
0,1667416444.6108737,famine,505.0,365.5,1,5,51
0,1667416444.6581702,famine,505.0,370.5,1,5,51
0,1667416444.7085533,famine,505.0,375.5,1,5,51
0,1667416444.7602687,famine,505.0,380.5,1,5,51
0,1667416444.8094232,famine,505.0,385.5,1,5,51
0,1667416444.8595276,famine,505.0,390.5,1,5,51
0,1667416444.9104402,famine,505.0,395.5,1,6,51
0,1667416444.9625983,famine,505.0,400.5,1,6,51
0,1667416445.0115986,famine,505.0,405.5,1,6,50
0,1667416446.1578696,pandemic,595.0,490.5,1,5,50
0,1667416446.1604033,pandemic,595.0,490.5,1,5,50
